{
  "name": "angular-route",
  "version": "1.8.2",
  "license": "MIT",
  "main": "./angular-route.js",
  "ignore": [],
  "dependencies": {
    "angular": "1.8.2"
  },
  "homepage": "https://github.com/angular/bower-angular-route",
  "_release": "1.8.2",
  "_resolution": {
    "type": "version",
    "tag": "v1.8.2",
    "commit": "3a5fb9220173a4884be80479daf287617e0e6ac4"
  },
  "_source": "https://github.com/angular/bower-angular-route.git",
  "_target": "1.x.x",
  "_originalSource": "angular-route"
}