{
  "name": "angular-cookies",
  "version": "1.8.2",
  "license": "MIT",
  "main": "./angular-cookies.js",
  "ignore": [],
  "dependencies": {
    "angular": "1.8.2"
  },
  "homepage": "https://github.com/angular/bower-angular-cookies",
  "_release": "1.8.2",
  "_resolution": {
    "type": "version",
    "tag": "v1.8.2",
    "commit": "f40feabc73f8e07aa1a29bf2bae7eb0af3d27b87"
  },
  "_source": "https://github.com/angular/bower-angular-cookies.git",
  "_target": "1.x.x",
  "_originalSource": "angular-cookies"
}