{
  "name": "jquery",
  "main": "dist/jquery.js",
  "license": "MIT",
  "ignore": [
    "package.json"
  ],
  "keywords": [
    "jquery",
    "javascript",
    "browser",
    "library"
  ],
  "homepage": "https://github.com/jquery/jquery-dist",
  "version": "3.6.0",
  "_release": "3.6.0",
  "_resolution": {
    "type": "version",
    "tag": "3.6.0",
    "commit": "e786e3d9707ffd9b0dd330ca135b66344dcef85a"
  },
  "_source": "https://github.com/jquery/jquery-dist.git",
  "_target": "3.x.x",
  "_originalSource": "jquery"
}