{
  "name": "angular-resource",
  "version": "1.8.2",
  "license": "MIT",
  "main": "./angular-resource.js",
  "ignore": [],
  "dependencies": {
    "angular": "1.8.2"
  },
  "homepage": "https://github.com/angular/bower-angular-resource",
  "_release": "1.8.2",
  "_resolution": {
    "type": "version",
    "tag": "v1.8.2",
    "commit": "553634b02c4399751514df4d52185e24f86d7d8d"
  },
  "_source": "https://github.com/angular/bower-angular-resource.git",
  "_target": "1.x.x",
  "_originalSource": "angular-resource"
}